,key,rate,maturity
0,SR_3M,1.9340910699,0.25
1,SR_6M,1.9354868709,0.5
2,SR_9M,1.9398719628,0.75
3,SR_1Y,1.9469869287,1.0
12,SR_10Y,2.7871165917,1.0
4,SR_2Y,1.9981241414,2.0
5,SR_3Y,2.0761572643,3.0
6,SR_4Y,2.1710630634,4.0
7,SR_5Y,2.2753116203,5.0
8,SR_6Y,2.3833142892,6.0
9,SR_7Y,2.4909886159,7.0
10,SR_8Y,2.5954158956,8.0
11,SR_9Y,2.6945720632,9.0
